t,lat,lon,heading,target_brg,hdg_err,cte,steer_frac,steer_ppm,throttle_ppm,speed_tgt,dist_to_wp,wp_idx,algo,fix_quality,hacc_mm
1774994445.7153,20.7276667,-103.56680863,270.0,352.93,82.93,0.1923,0.8,1100,1500,1.5,11.126,0,stanley,2,-1.0
1774994446.2292,20.7276667,-103.56680866,270.0,352.93,82.93,0.1953,0.8,1100,1500,1.5,11.126,0,stanley,2,-1.0
1774994446.2691,20.7276668,-103.56680865,274.15,352.93,78.78,0.192,0.8,1100,1500,1.5,11.115,0,stanley,2,-1.0
1774994446.3091,20.72766689,-103.56680865,278.32,352.93,74.6,0.187,0.8,1100,1500,1.5,11.105,0,stanley,2,-1.0
1774994446.3491,20.72766699,-103.56680863,282.47,352.93,70.46,0.1807,0.8,1100,1500,1.5,11.094,0,stanley,2,-1.0
1774994446.3891,20.72766709,-103.5668086,286.6,352.93,66.33,0.1728,0.8,1100,1500,1.5,11.084,0,stanley,2,-1.0
1774994446.429,20.72766709,-103.5668086,286.6,352.93,66.33,0.1728,0.8,1100,1500,1.5,11.084,0,stanley,2,-1.0
1774994446.4691,20.72766727,-103.56680853,294.91,352.93,58.02,0.1527,0.8,1100,1500,1.5,11.065,0,stanley,2,-1.0
1774994446.5091,20.72766736,-103.56680849,299.1,352.93,53.83,0.1406,0.8,1100,1500,1.5,11.055,0,stanley,2,-1.0
1774994446.5491,20.72766744,-103.56680844,303.23,352.93,49.7,0.1273,0.8,1100,1500,1.5,11.047,0,stanley,2,-1.0
1774994446.5892,20.72766753,-103.56680838,307.41,352.93,45.52,0.1127,0.8,1100,1500,1.5,11.039,0,stanley,2,-1.0
1774994446.6291,20.7276676,-103.56680831,311.53,352.93,41.39,0.0971,0.8,1100,1500,1.5,11.031,0,stanley,2,-1.0
1774994446.6695,20.72766767,-103.56680824,315.7,352.93,37.22,0.0803,0.8,1100,1500,1.5,11.024,0,stanley,2,-1.0
1774994446.7094,20.72766774,-103.56680817,319.87,352.93,33.06,0.0625,0.736,1132,1500,1.5,11.018,0,stanley,2,-1.0
1774994446.7491,20.7276678,-103.56680809,324.02,352.93,28.9,0.0439,0.68,1160,2000,1.5,11.012,0,stanley,2,-1.0
1774994446.7892,20.72766786,-103.566808,328.17,352.93,24.76,0.0247,0.572,1214,2000,1.5,11.007,0,stanley,2,-1.0
1774994446.8291,20.72766791,-103.56680792,332.01,352.93,20.92,0.0062,0.472,1264,2000,1.5,11.003,0,stanley,2,-1.0
1774994446.8691,20.72766887,-103.56680829,335.51,352.93,17.42,0.0224,0.408,1296,2000,1.5,10.891,0,stanley,2,-1.0
1774994446.9091,20.72766985,-103.56680862,338.48,352.93,14.44,0.0354,0.352,1324,2000,1.5,10.779,0,stanley,2,-1.0
1774994446.9491,20.72767084,-103.56680892,340.92,352.93,12.0,0.0461,0.306,1347,2000,1.5,10.666,0,stanley,2,-1.0
1774994446.9891,20.72767183,-103.56680919,343.04,352.93,9.88,0.0542,0.266,1367,2000,1.5,10.553,0,stanley,2,-1.0
1774994447.0291,20.72767283,-103.56680943,344.88,352.93,8.05,0.0603,0.23,1385,2000,1.5,10.439,0,stanley,2,-1.0
1774994447.0692,20.72767383,-103.56680965,346.45,352.93,6.48,0.0645,0.2,1400,2000,1.5,10.326,0,stanley,2,-1.0
1774994447.1091,20.72767484,-103.56680984,347.85,352.93,5.08,0.0669,0.17,1415,2000,1.5,10.212,0,stanley,2,-1.0
1774994447.1491,20.72767585,-103.56681002,349.03,352.93,3.89,0.068,0.146,1427,2000,1.5,10.099,0,stanley,2,-1.0
1774994447.1891,20.72767686,-103.56681019,350.08,352.93,2.85,0.0678,0.122,1439,2000,1.5,9.985,0,stanley,2,-1.0
1774994447.2291,20.72767787,-103.56681034,350.92,353.06,2.15,0.0669,0.106,1447,2000,1.5,9.872,0,stanley,2,-1.0
1774994447.2691,20.72767889,-103.56681048,351.69,353.07,1.38,0.0649,0.086,1457,2000,1.5,9.758,0,stanley,2,-1.0
1774994447.3092,20.7276799,-103.56681061,352.32,353.07,0.74,0.0624,0.07,1465,2000,1.5,9.644,0,stanley,2,-1.0
1774994447.3491,20.72768092,-103.56681073,352.82,353.06,0.24,0.0593,0.056,1472,2000,1.5,9.53,0,stanley,2,-1.0
1774994447.3891,20.72768193,-103.56681085,353.29,353.05,-0.24,0.0558,0.044,1478,2000,1.5,9.417,0,stanley,2,-1.0
1774994447.4291,20.72768295,-103.56681096,353.66,353.04,-0.62,0.0521,0.032,1484,2000,1.5,9.303,0,stanley,2,-1.0
1774994447.4692,20.72768397,-103.56681107,353.92,353.02,-0.9,0.0482,0.022,1489,2000,1.5,9.189,0,stanley,2,-1.0
1774994447.5092,20.72768499,-103.56681118,353.96,353.01,-0.94,0.0457,0.018,1491,2000,1.5,9.076,0,stanley,2,-1.0
1774994447.5492,20.727686,-103.5668113,353.92,353.0,-0.92,0.0433,0.018,1491,2000,1.5,8.962,0,stanley,2,-1.0
1774994447.5891,20.72768702,-103.56681141,353.92,352.99,-0.94,0.0409,0.014,1493,2000,1.5,8.848,0,stanley,2,-1.0
1774994447.6291,20.72768804,-103.56681153,353.92,352.98,-0.95,0.0385,0.012,1494,2000,1.5,8.735,0,stanley,2,-1.0
1774994447.6692,20.72768804,-103.56681153,353.92,352.98,-0.95,0.0385,0.012,1494,2000,1.5,8.735,0,stanley,2,-1.0
1774994447.7091,20.72769007,-103.56681176,353.95,352.95,-1.0,0.0335,0.008,1496,2000,1.5,8.507,0,stanley,2,-1.0
1774994447.7491,20.72769109,-103.56681188,353.92,352.94,-0.99,0.0312,0.006,1497,2000,1.5,8.393,0,stanley,2,-1.0
1774994447.7891,20.7276921,-103.56681199,353.92,352.92,-1.0,0.0287,0.004,1498,2000,1.5,8.28,0,stanley,2,-1.0
1774994447.8291,20.72769312,-103.56681211,353.92,352.91,-1.01,0.0264,0.0,1500,2000,1.5,8.166,0,stanley,2,-1.0
1774994447.8691,20.72769414,-103.56681222,353.92,352.9,-1.03,0.0239,-0.002,1501,2000,1.5,8.052,0,stanley,2,-1.0
1774994447.9091,20.72769515,-103.56681234,353.92,352.88,-1.04,0.0214,-0.004,1502,2000,1.5,7.939,0,stanley,2,-1.0
1774994447.9492,20.72769617,-103.56681246,353.92,352.87,-1.06,0.019,-0.006,1503,2000,1.5,7.825,0,stanley,2,-1.0
1774994447.9891,20.72769719,-103.56681257,353.92,352.85,-1.07,0.0165,-0.008,1504,2000,1.5,7.711,0,stanley,2,-1.0
1774994448.0291,20.7276982,-103.56681269,353.92,352.83,-1.09,0.0142,-0.012,1506,2000,1.5,7.598,0,stanley,2,-1.0
1774994448.0691,20.72769922,-103.5668128,353.92,352.82,-1.11,0.0117,-0.014,1507,2000,1.5,7.484,0,stanley,2,-1.0
1774994448.1091,20.72770024,-103.56681292,353.92,352.8,-1.12,0.0092,-0.016,1508,2000,1.5,7.37,0,stanley,2,-1.0
1774994448.1491,20.72770125,-103.56681303,353.92,352.78,-1.14,0.0069,-0.018,1509,2000,1.5,7.257,0,stanley,2,-1.0
1774994448.1891,20.72770227,-103.56681315,353.92,352.76,-1.16,0.0044,-0.022,1511,2000,1.5,7.143,0,stanley,2,-1.0
1774994448.2291,20.72770329,-103.56681327,353.92,352.75,-1.17,0.0021,-0.024,1512,2000,1.5,7.029,0,stanley,2,-1.0
1774994448.2691,20.72770431,-103.56681338,353.92,352.73,-1.19,-0.0004,-0.026,1513,2000,1.5,6.916,0,stanley,2,-1.0
1774994448.3091,20.72770532,-103.5668135,353.92,352.71,-1.22,-0.0029,-0.028,1514,2000,1.5,6.802,0,stanley,2,-1.0
1774994448.3491,20.72770634,-103.56681361,353.92,352.69,-1.24,-0.0053,-0.03,1515,2000,1.5,6.688,0,stanley,2,-1.0
1774994448.3892,20.72770685,-103.56681367,353.9,352.67,-1.23,-0.0053,-0.03,1515,2000,1.5,6.631,0,stanley,2,-1.0
1774994448.4291,20.72770837,-103.56681384,353.92,352.64,-1.28,-0.0101,-0.036,1518,2000,1.5,6.461,0,stanley,2,-1.0
1774994448.4691,20.72770939,-103.56681396,353.92,352.62,-1.31,-0.0126,-0.038,1519,2000,1.5,6.347,0,stanley,2,-1.0
1774994448.5091,20.72771041,-103.56681407,353.92,352.59,-1.33,-0.0151,-0.042,1521,2000,1.5,6.234,0,stanley,2,-1.0
1774994448.5493,20.72771142,-103.56681419,353.92,352.57,-1.35,-0.0174,-0.044,1522,2000,1.5,6.12,0,stanley,2,-1.0
1774994448.5891,20.72771244,-103.56681431,353.92,352.54,-1.38,-0.0199,-0.046,1523,2000,1.5,6.006,0,stanley,2,-1.0
1774994448.6291,20.72771346,-103.56681442,353.92,352.52,-1.41,-0.0222,-0.05,1525,2000,1.5,5.893,0,stanley,2,-1.0
1774994448.6691,20.72771447,-103.56681454,353.92,352.49,-1.43,-0.0247,-0.052,1526,2000,1.5,5.779,0,stanley,2,-1.0
1774994448.7091,20.72771549,-103.56681465,353.92,352.46,-1.46,-0.0272,-0.054,1527,2000,1.5,5.665,0,stanley,2,-1.0
1774994448.7491,20.72771651,-103.56681478,353.66,352.44,-1.21,-0.0276,-0.05,1525,2000,1.5,5.552,0,stanley,2,-1.0
1774994448.7891,20.72771752,-103.56681491,353.39,352.43,-0.96,-0.0275,-0.044,1522,2000,1.5,5.438,0,stanley,2,-1.0
1774994448.8291,20.72771854,-103.56681505,353.09,352.43,-0.66,-0.0267,-0.036,1518,2000,1.5,5.324,0,stanley,2,-1.0
1774994448.8691,20.72771955,-103.5668152,352.82,352.43,-0.4,-0.0257,-0.03,1515,2000,1.5,5.211,0,stanley,2,-1.0
1774994448.9091,20.72772056,-103.56681533,352.82,352.42,-0.41,-0.0259,-0.03,1515,2000,1.5,5.097,0,stanley,2,-1.0
1774994448.9491,20.72772158,-103.56681547,352.83,352.41,-0.42,-0.0261,-0.03,1515,2000,1.5,4.983,0,stanley,2,-1.0
1774994448.9891,20.72772259,-103.56681561,352.82,352.4,-0.42,-0.0264,-0.03,1515,2000,1.5,4.87,0,stanley,2,-1.0
1774994449.0291,20.72772361,-103.56681574,352.82,352.39,-0.43,-0.0266,-0.032,1516,2000,1.5,4.756,0,stanley,2,-1.0
1774994449.0691,20.72772462,-103.56681588,352.82,352.38,-0.44,-0.0268,-0.032,1516,2000,1.5,4.642,0,stanley,2,-1.0
1774994449.1091,20.72772563,-103.56681602,352.83,352.37,-0.46,-0.0271,-0.032,1516,2000,1.5,4.529,0,stanley,2,-1.0
1774994449.1491,20.72772665,-103.56681615,352.82,352.35,-0.47,-0.0273,-0.032,1516,2000,1.5,4.415,0,stanley,2,-1.0
1774994449.1892,20.72772766,-103.56681629,352.82,352.34,-0.48,-0.0275,-0.034,1517,2000,1.5,4.301,0,stanley,2,-1.0
1774994449.2291,20.72772868,-103.56681642,352.83,352.33,-0.5,-0.0277,-0.034,1517,2000,1.5,4.188,0,stanley,2,-1.0
1774994449.2691,20.72772969,-103.56681656,352.82,352.32,-0.51,-0.028,-0.034,1517,2000,1.5,4.074,0,stanley,2,-1.0
1774994449.3091,20.72773071,-103.5668167,352.82,352.3,-0.52,-0.0282,-0.034,1517,1995,1.485,3.96,0,stanley,2,-1.0
1774994449.3491,20.72773172,-103.56681683,352.82,352.29,-0.54,-0.0284,-0.036,1518,1980,1.442,3.846,0,stanley,2,-1.0
1774994449.3891,20.72773172,-103.56681683,352.82,352.29,-0.54,-0.0284,-0.036,1518,1980,1.442,3.846,0,stanley,2,-1.0
1774994449.4291,20.72773172,-103.56681683,352.82,352.29,-0.54,-0.0284,-0.036,1518,1980,1.442,3.846,0,stanley,2,-1.0
1774994449.4691,20.72773471,-103.56681724,352.83,352.23,-0.59,-0.0291,-0.04,1520,1938,1.317,3.511,0,stanley,2,-1.0
1774994449.5091,20.72773569,-103.56681737,352.82,352.21,-0.61,-0.0294,-0.042,1521,1925,1.276,3.402,0,stanley,2,-1.0
1774994449.5491,20.72773666,-103.5668175,352.82,352.19,-0.63,-0.0296,-0.044,1522,1911,1.235,3.293,0,stanley,2,-1.0
1774994449.5892,20.72773755,-103.56681762,352.83,352.18,-0.65,-0.0298,-0.046,1523,1899,1.197,3.193,0,stanley,2,-1.0
1774994449.6291,20.72773841,-103.56681774,352.82,352.15,-0.67,-0.0301,-0.046,1523,1887,1.161,3.096,0,stanley,2,-1.0
1774994449.6691,20.72773925,-103.56681785,352.82,352.13,-0.69,-0.0302,-0.048,1524,1875,1.126,3.003,0,stanley,2,-1.0
1774994449.7092,20.72773925,-103.56681785,352.82,352.13,-0.69,-0.0302,-0.048,1524,1875,1.126,3.003,0,stanley,2,-1.0
1774994449.7491,20.72774084,-103.56681806,352.82,352.09,-0.73,-0.0305,-0.052,1526,1853,1.059,2.824,0,stanley,2,-1.0
1774994449.7892,20.7277416,-103.56681817,352.55,352.09,-0.47,-0.0291,-0.046,1523,1842,1.027,2.739,0,stanley,2,-1.0
1774994449.8291,20.72774236,-103.56681829,352.29,352.1,-0.19,-0.027,-0.038,1519,1831,0.995,2.653,0,stanley,2,-1.0
1774994449.8692,20.72774308,-103.56681841,352.06,352.12,0.06,-0.0248,-0.03,1515,1821,0.965,2.573,0,stanley,2,-1.0
1774994449.9091,20.72774377,-103.56681851,352.02,352.12,0.09,-0.0237,-0.03,1515,1811,0.936,2.495,0,stanley,2,-1.0
1774994449.9491,20.72774444,-103.56681861,352.02,352.12,0.1,-0.0229,-0.028,1514,1802,0.907,2.42,0,stanley,2,-1.0
1774994449.9891,20.72774509,-103.56681871,352.06,352.12,0.07,-0.0221,-0.03,1515,1793,0.88,2.347,0,stanley,2,-1.0
1774994450.0291,20.72774572,-103.5668188,352.02,352.13,0.11,-0.0212,-0.028,1514,1784,0.854,2.276,0,stanley,2,-1.0
1774994450.0691,20.72774634,-103.56681889,352.02,352.13,0.1,-0.0204,-0.028,1514,1775,0.828,2.207,0,stanley,2,-1.0
1774994450.1091,20.72774693,-103.56681898,352.05,352.13,0.08,-0.0197,-0.028,1514,1767,0.803,2.141,0,stanley,2,-1.0
1774994450.1491,20.72774751,-103.56681907,352.02,352.13,0.11,-0.0189,-0.028,1514,1759,0.778,2.076,0,stanley,2,-1.0
1774994450.1891,20.72774806,-103.56681915,352.02,352.14,0.12,-0.0181,-0.026,1513,1751,0.755,2.013,0,stanley,2,-1.0
1774994450.2291,20.72774861,-103.56681923,352.02,352.14,0.12,-0.0174,-0.026,1513,1744,0.732,1.952,0,stanley,2,-1.0
1774994450.2691,20.72774913,-103.56681931,352.02,352.14,0.12,-0.0167,-0.026,1513,1736,0.71,1.893,0,stanley,2,-1.0
1774994450.3091,20.72774964,-103.56681939,352.02,352.15,0.13,-0.016,-0.026,1513,1729,0.689,1.836,0,stanley,2,-1.0
1774994450.3491,20.72775014,-103.56681946,352.02,352.15,0.13,-0.0154,-0.026,1513,1722,0.668,1.781,0,stanley,2,-1.0
1774994450.3891,20.72775062,-103.56681953,352.02,352.15,0.14,-0.0148,-0.026,1513,1715,0.648,1.727,0,stanley,2,-1.0
1774994450.4291,20.72775062,-103.56681953,352.02,352.15,0.14,-0.0148,-0.026,1513,1715,0.648,1.727,0,stanley,2,-1.0
1774994450.4692,20.72775153,-103.56681967,352.05,352.16,0.11,-0.0136,-0.024,1512,1703,0.609,1.624,0,stanley,2,-1.0
1774994450.5091,20.72775197,-103.56681974,352.02,352.17,0.15,-0.0129,-0.024,1512,1696,0.591,1.575,0,stanley,2,-1.0
1774994450.5492,20.7277524,-103.5668198,352.02,352.17,0.15,-0.0124,-0.024,1512,1690,0.572,1.526,0,stanley,2,-1.0
1774994450.5893,20.72775282,-103.56681986,352.02,352.18,0.15,-0.0118,-0.022,1511,1684,0.555,1.48,0,stanley,2,-1.0
1774994450.6291,20.72775282,-103.56681986,352.02,352.18,0.15,-0.0118,-0.022,1511,1684,0.555,1.48,0,stanley,2,-1.0
1774994450.6691,20.7277536,-103.56681998,352.05,352.19,0.13,-0.0109,-0.022,1511,1673,0.522,1.392,0,stanley,2,-1.0
1774994450.7091,20.72775397,-103.56682004,352.02,352.19,0.17,-0.0103,-0.022,1511,1668,0.506,1.35,0,stanley,2,-1.0
1774994450.7491,20.72775435,-103.56682009,352.05,352.2,0.14,-0.0099,-0.022,1511,1663,0.49,1.308,0,stanley,2,-1.0
1774994450.7892,20.7277547,-103.56682015,352.02,352.2,0.18,-0.0094,-0.02,1510,1658,0.476,1.268,0,stanley,2,-1.0
1774994450.8291,20.72775504,-103.5668202,352.02,352.21,0.19,-0.0089,-0.02,1510,1653,0.461,1.23,0,stanley,2,-1.0
1774994450.8691,20.72775537,-103.56682025,352.06,352.21,0.15,-0.0086,-0.02,1510,1649,0.447,1.193,0,stanley,2,-1.0
1774994450.9092,20.72775569,-103.56682029,352.06,352.22,0.16,-0.0081,-0.02,1510,1644,0.434,1.157,0,stanley,2,-1.0
1774994450.9491,20.72775601,-103.56682034,352.05,352.22,0.17,-0.0077,-0.018,1509,1640,0.421,1.122,0,stanley,2,-1.0
1774994450.9892,20.72775631,-103.56682039,352.05,352.23,0.18,-0.0073,-0.018,1509,1635,0.408,1.088,0,stanley,2,-1.0
1774994451.0291,20.7277566,-103.56682043,352.02,352.24,0.22,-0.0068,-0.016,1508,1631,0.395,1.055,0,stanley,2,-1.0
1774994451.0691,20.72775689,-103.56682047,352.05,352.24,0.19,-0.0066,-0.016,1508,1627,0.383,1.023,0,stanley,2,-1.0
1774994451.1091,20.72775716,-103.56682051,352.02,352.25,0.23,-0.0061,-0.014,1507,1623,0.372,0.992,0,stanley,2,-1.0
1774994451.1491,20.72775743,-103.56682055,352.02,352.25,0.23,-0.0058,-0.014,1507,1620,0.361,0.962,0,stanley,2,-1.0
1774994451.1944,20.72775769,-103.56682059,352.05,352.26,0.21,-0.0055,-0.014,1507,1616,0.35,0.933,0,stanley,2,-1.0
1774994451.2291,20.72775794,-103.56682063,352.02,352.27,0.25,-0.0051,-0.012,1506,1613,0.339,0.905,0,stanley,2,-1.0
1774994451.2691,20.72775818,-103.56682067,352.02,352.28,0.26,-0.0047,-0.012,1506,1609,0.329,0.877,0,stanley,2,-1.0
1774994451.3091,20.72775842,-103.5668207,352.02,352.28,0.26,-0.0045,-0.01,1505,1606,0.319,0.851,0,stanley,2,-1.0
1774994451.3491,20.72775865,-103.56682074,352.02,352.29,0.27,-0.0041,-0.01,1505,1603,0.309,0.825,0,stanley,2,-1.0
1774994451.3891,20.72775887,-103.56682077,352.02,352.3,0.28,-0.0038,-0.008,1504,1600,0.3,0.8,0,stanley,2,-1.0
1774994451.4304,20.72775909,-103.5668208,352.02,352.31,0.28,-0.0036,-0.008,1504,1600,0.3,0.776,0,stanley,2,-1.0
1774994451.4691,20.7277593,-103.56682083,352.02,352.32,0.3,-0.0033,-0.006,1503,1600,0.3,0.752,0,stanley,2,-1.0
1774994451.5091,20.7277595,-103.56682086,352.05,352.33,0.28,-0.0031,-0.006,1503,1600,0.3,0.729,0,stanley,2,-1.0
1774994451.5491,20.72775971,-103.56682089,352.06,352.34,0.28,-0.0029,-0.004,1502,1600,0.3,0.706,0,stanley,2,-1.0
1774994451.5891,20.72775991,-103.56682093,352.02,352.35,0.33,-0.0025,-0.002,1501,1600,0.3,0.683,0,stanley,2,-1.0
1774994451.631,20.72776011,-103.56682095,352.02,352.35,0.33,-0.0023,-0.002,1501,1600,0.3,0.66,0,stanley,2,-1.0
1774994451.6691,20.72776032,-103.56682099,352.05,352.37,0.32,-0.002,0.0,1500,1600,0.3,0.638,0,stanley,2,-1.0
1774994451.7092,20.72776052,-103.56682102,352.02,352.38,0.36,-0.0017,0.002,1499,1600,0.3,0.615,0,stanley,2,-1.0
1774994451.7491,20.72776073,-103.56682105,352.02,352.39,0.37,-0.0014,0.004,1498,1600,0.3,0.592,0,stanley,2,-1.0
1774994451.7892,20.72776093,-103.56682108,352.06,352.41,0.35,-0.0012,0.004,1498,1600,0.3,0.569,0,stanley,2,-1.0
1774994451.8304,20.72776113,-103.56682111,352.02,352.43,0.41,-0.0008,0.006,1497,1600,0.3,0.546,0,stanley,2,-1.0
1774994451.8691,20.72776134,-103.56682114,352.02,352.44,0.41,-0.0006,0.008,1496,1600,0.3,0.523,0,stanley,2,-1.0
1774994451.9092,20.72776154,-103.56682117,352.05,352.46,0.41,-0.0004,0.008,1496,1600,0.3,0.5,0,stanley,2,-1.0
1774994451.9491,20.72776175,-103.5668212,352.02,352.48,0.46,-0.0,0.012,1494,1600,0.3,0.477,0,stanley,2,-1.0
1774994451.9891,20.72776195,-103.56682123,352.02,352.5,0.48,0.0002,0.012,1494,1600,0.3,0.454,0,stanley,2,-1.0
1774994452.0308,20.72776216,-103.56682126,352.06,352.53,0.47,0.0004,0.014,1493,1600,0.3,0.431,0,stanley,2,-1.0
1774994452.0691,20.72776236,-103.56682129,352.02,352.56,0.54,0.0008,0.016,1492,1600,0.3,0.408,0,stanley,2,-1.0
1774994452.1096,20.72776256,-103.56682132,352.02,352.58,0.56,0.001,0.018,1491,1600,0.3,0.385,0,stanley,2,-1.0
1774994452.1491,20.72776277,-103.56682135,352.05,352.62,0.57,0.0012,0.018,1491,1600,0.3,0.362,0,stanley,2,-1.0
1774994452.1892,20.72776297,-103.56682138,352.02,352.67,0.64,0.0016,0.022,1489,1600,0.3,0.34,0,stanley,2,-1.0
1774994452.2304,20.72776318,-103.56682141,352.02,352.7,0.68,0.0018,0.024,1488,1600,0.3,0.317,0,stanley,2,-1.0
1774994452.2691,20.72776338,-103.56682144,352.05,352.76,0.71,0.002,0.026,1487,1600,0.3,0.294,0,stanley,2,-1.0
1774994452.3091,20.72776358,-103.56682147,352.02,352.83,0.81,0.0024,0.03,1485,1600,0.3,0.271,0,stanley,2,-1.0
1774994452.3491,20.72776379,-103.56682151,352.02,352.89,0.87,0.0026,0.032,1484,1600,0.3,0.248,0,stanley,2,-1.0
1774994452.3891,20.72776399,-103.56682154,352.05,352.98,0.93,0.0028,0.034,1483,1600,0.3,0.225,0,stanley,2,-1.0
1774994452.4304,20.7277642,-103.56682157,352.02,353.1,1.08,0.0032,0.038,1481,1600,0.3,0.202,0,stanley,2,-1.0
1774994452.4692,20.7277644,-103.5668216,352.02,353.22,1.2,0.0034,0.042,1479,1600,0.3,0.179,0,stanley,2,-1.0
1774994452.5091,20.7277646,-103.56682163,352.05,353.41,1.36,0.0036,0.046,1477,1600,0.3,0.156,0,stanley,2,-1.0
1774994452.5492,20.72776481,-103.56682166,352.02,353.65,1.63,0.004,0.054,1473,1600,0.3,0.133,0,stanley,2,-1.0
1774994452.5892,20.72776501,-103.56682169,352.02,353.96,1.94,0.0042,0.062,1469,1600,0.3,0.11,0,stanley,2,-1.0
1774994452.6693,20.72776522,-103.56682172,352.05,97.49,105.44,0.0555,0.8,1100,1500,1.5,0.526,1,stanley,2,-1.0
1774994452.7093,20.72776522,-103.56682172,352.05,97.49,105.44,0.0555,0.8,1100,1500,1.5,0.526,1,stanley,2,-1.0
1774994452.7491,20.72776583,-103.56682178,352.92,97.49,104.57,0.1203,0.8,1100,1500,1.5,0.546,1,stanley,2,-1.0
1774994452.7891,20.72776584,-103.56682168,357.08,97.49,100.41,0.1285,0.8,1100,1500,1.5,0.536,1,stanley,2,-1.0
1774994452.8304,20.72776585,-103.56682157,1.26,97.49,96.23,0.1352,0.8,1100,1500,1.5,0.525,1,stanley,2,-1.0
1774994452.8691,20.72776584,-103.56682147,5.41,97.49,92.08,0.1403,0.8,1100,1500,1.5,0.515,1,stanley,2,-1.0
1774994452.9091,20.72776583,-103.56682137,9.52,97.49,87.97,0.1438,0.8,1100,1500,1.5,0.504,1,stanley,2,-1.0
1774994452.9491,20.72776581,-103.56682126,13.73,97.49,83.77,0.1458,0.8,1100,1500,1.5,0.493,1,stanley,2,-1.0
1774994452.9891,20.72776579,-103.56682116,17.88,97.49,79.61,0.1464,0.8,1100,1500,1.5,0.482,1,stanley,2,-1.0
1774994453.0304,20.72776576,-103.56682106,22.01,97.49,75.48,0.1452,0.8,1100,1500,1.5,0.472,1,stanley,2,-1.0
1774994453.0692,20.72776572,-103.56682097,26.19,97.49,71.31,0.1424,0.8,1100,1500,1.5,0.461,1,stanley,2,-1.0
1774994453.1091,20.72776568,-103.56682087,30.32,97.49,67.17,0.1383,0.8,1100,1500,1.5,0.45,1,stanley,2,-1.0
1774994453.1491,20.72776563,-103.56682078,34.49,97.49,63.01,0.1324,0.8,1100,1500,1.5,0.44,1,stanley,2,-1.0
1774994453.1891,20.72776557,-103.5668207,38.63,97.49,58.87,0.1251,0.8,1100,1500,1.5,0.429,1,stanley,2,-1.0
1774994453.2304,20.72776551,-103.56682062,42.79,97.49,54.7,0.1163,0.8,1100,1500,1.5,0.42,1,stanley,2,-1.0
1774994453.2691,20.72776544,-103.56682054,46.96,97.49,50.54,0.1062,0.8,1100,1500,1.5,0.41,1,stanley,2,-1.0
1774994453.3091,20.72776537,-103.56682047,51.09,97.49,46.4,0.0946,0.8,1100,1500,1.5,0.401,1,stanley,2,-1.0
1774994453.3492,20.72776529,-103.56682041,55.23,97.49,42.26,0.0818,0.8,1100,1500,1.5,0.393,1,stanley,2,-1.0
1774994453.3891,20.72776529,-103.56682041,55.24,97.49,42.25,0.0818,0.8,1100,1500,1.5,0.393,1,stanley,2,-1.0
1774994453.4307,20.72776512,-103.5668203,63.56,97.49,33.94,0.0524,0.756,1122,1500,1.5,0.379,1,stanley,2,-1.0
1774994453.4692,20.72776504,-103.56682025,67.72,97.49,29.77,0.0361,0.694,1153,2000,1.5,0.373,1,stanley,2,-1.0
1774994453.5092,20.72776494,-103.56682021,71.87,97.49,25.62,0.0186,0.586,1207,2000,1.5,0.367,1,stanley,2,-1.0
1774994453.5492,20.72776486,-103.56682018,75.82,97.49,21.67,0.0015,0.484,1258,2000,1.5,0.363,1,stanley,2,-1.0
1774994453.5891,20.72776496,-103.56681909,79.38,97.49,18.11,0.0366,0.434,1283,2000,1.5,0.252,1,stanley,2,-1.0
1774994453.6305,20.72776503,-103.56681799,82.47,97.49,15.03,0.0682,0.392,1304,2000,1.5,0.143,1,stanley,2,-1.0
1774994453.7091,20.72776505,-103.5668158,87.2,97.49,10.29,0.1871,0.388,1306,2000,1.5,1.176,2,stanley,2,-1.0
1774994453.7491,20.72776502,-103.56681471,89.26,97.49,8.24,0.2451,0.39,1305,2000,1.5,1.088,2,stanley,2,-1.0
1774994453.7891,20.72776495,-103.56681362,91.24,97.49,6.25,0.2998,0.392,1304,2000,1.5,1.003,2,stanley,2,-1.0
1774994453.8306,20.72776484,-103.56681252,93.26,97.49,4.23,0.3509,0.388,1306,2000,1.5,0.921,2,stanley,2,-1.0
1774994453.8691,20.7277647,-103.56681144,95.32,97.49,2.17,0.3982,0.38,1310,2000,1.5,0.843,2,stanley,2,-1.0
1774994453.9091,20.72776452,-103.56681036,97.32,153.89,56.56,0.4418,0.8,1100,1500,1.5,0.771,2,stanley,2,-1.0
1774994453.9491,20.72776431,-103.56680929,99.36,153.89,54.53,0.4818,0.8,1100,1500,1.5,0.706,2,stanley,2,-1.0
1774994453.9892,20.72776407,-103.56680823,101.3,153.89,52.59,0.5185,0.8,1100,1500,1.5,0.652,2,stanley,2,-1.0
1774994454.0304,20.72776397,-103.56680825,105.45,153.89,48.43,0.4982,0.8,1100,1500,1.5,0.642,2,stanley,2,-1.0
1774994454.0691,20.72776388,-103.56680828,109.63,153.89,44.26,0.4775,0.8,1100,1500,1.5,0.632,2,stanley,2,-1.0
1774994454.1091,20.72776378,-103.56680832,113.75,153.89,40.14,0.4565,0.8,1100,1500,1.5,0.623,2,stanley,2,-1.0
1774994454.1491,20.7277637,-103.56680836,117.94,153.89,35.95,0.435,0.8,1100,1500,1.5,0.614,2,stanley,2,-1.0
1774994454.1891,20.72776361,-103.56680841,122.08,153.89,31.8,0.4133,0.708,1146,1500,1.5,0.606,2,stanley,2,-1.0
1774994454.2304,20.72776353,-103.56680847,126.2,153.89,27.68,0.3917,0.8,1100,2000,1.5,0.598,2,stanley,2,-1.0
1774994454.2691,20.72776345,-103.56680853,130.39,153.89,23.5,0.3699,0.8,1100,2000,1.5,0.592,2,stanley,2,-1.0
1774994454.3091,20.72776338,-103.56680859,134.08,153.89,19.8,0.3507,0.734,1133,2000,1.5,0.586,2,stanley,2,-1.0
1774994454.3491,20.72776255,-103.56680794,138.22,153.89,15.66,0.3034,0.604,1198,2000,1.5,0.481,2,stanley,2,-1.0
1774994454.3892,20.72776168,-103.56680735,142.37,153.89,11.51,0.2486,0.466,1267,2000,1.5,0.377,2,stanley,2,-1.0
1774994454.4308,20.72776078,-103.56680682,146.18,153.89,7.71,0.1887,0.332,1334,2000,1.5,0.277,2,stanley,2,-1.0
1774994454.4692,20.72775986,-103.56680633,149.33,153.89,4.56,0.1267,0.21,1395,2000,1.5,0.191,2,stanley,2,-1.0
1774994454.5091,20.72775893,-103.56680586,151.75,153.89,2.13,0.0641,0.102,1449,2000,1.5,0.147,2,stanley,2,-1.0
1774994454.5893,20.72775706,-103.56680497,154.55,154.67,0.12,0.084,0.074,1463,2000,1.5,0.697,3,stanley,2,-1.0
1774994454.6307,20.72775613,-103.56680452,155.06,154.44,-0.61,0.0631,0.04,1480,2000,1.5,0.583,3,stanley,2,-1.0
1774994454.6691,20.7277552,-103.56680408,155.61,154.01,-1.6,0.0412,0.0,1500,2000,1.5,0.47,3,stanley,2,-1.0
1774994454.7103,20.72775426,-103.56680364,155.96,153.23,-2.73,0.0194,-0.044,1522,2000,1.5,0.356,3,stanley,2,-1.0
1774994454.7491,20.72775332,-103.5668032,155.97,151.94,-4.03,-0.0007,-0.09,1545,2000,1.5,0.242,3,stanley,2,-1.0
1774994454.7891,20.72775239,-103.56680275,155.94,148.44,-7.51,-0.0204,-0.184,1592,2000,1.5,0.129,3,stanley,2,-1.0
1774994454.8691,20.72775053,-103.56680184,155.49,149.94,-5.55,-0.033,-0.15,1575,2000,1.5,0.839,4,stanley,2,-1.0
1774994454.9091,20.72774962,-103.56680135,154.5,149.43,-5.08,-0.0339,-0.14,1570,2000,1.5,0.725,4,stanley,2,-1.0
1774994454.9491,20.72774871,-103.56680084,153.54,148.9,-4.65,-0.033,-0.13,1565,2000,1.5,0.612,4,stanley,2,-1.0
1774994454.9892,20.72774781,-103.56680032,152.78,148.26,-4.51,-0.0314,-0.126,1563,2000,1.5,0.498,4,stanley,2,-1.0
1774994455.0305,20.72774692,-103.56679979,151.99,147.44,-4.56,-0.0285,-0.124,1562,2000,1.5,0.385,4,stanley,2,-1.0
1774994455.0692,20.72774603,-103.56679925,151.32,146.19,-5.13,-0.0246,-0.134,1567,2000,1.5,0.271,4,stanley,2,-1.0
1774994455.1091,20.72774514,-103.5667987,150.67,143.61,-7.06,-0.0195,-0.172,1586,2000,1.5,0.158,4,stanley,2,-1.0
1774994455.1891,20.7277434,-103.56679757,149.31,150.17,0.85,-0.0073,0.014,1493,2000,1.5,0.871,5,stanley,2,-1.0
1774994455.2304,20.72774254,-103.56679697,148.37,150.61,2.25,0.0026,0.054,1473,2000,1.5,0.758,5,stanley,2,-1.0
1774994455.2692,20.72774168,-103.56679637,147.48,151.37,3.89,0.014,0.1,1450,2000,1.5,0.644,5,stanley,2,-1.0
1774994455.3092,20.72774082,-103.56679578,147.5,152.21,4.7,0.0209,0.124,1438,2000,1.5,0.531,5,stanley,2,-1.0
1774994455.3491,20.72773995,-103.5667952,147.77,153.32,5.55,0.0257,0.146,1427,2000,1.5,0.417,5,stanley,2,-1.0
1774994455.3891,20.72773908,-103.56679464,148.27,154.96,6.69,0.0284,0.174,1413,2000,1.5,0.304,5,stanley,2,-1.0
1774994455.4305,20.72773819,-103.56679409,148.88,158.06,9.18,0.0291,0.23,1385,2000,1.5,0.191,5,stanley,2,-1.0
1774994455.5092,20.7277364,-103.56679303,150.55,152.67,2.12,0.0253,0.07,1465,2000,1.5,1.027,6,stanley,2,-1.0
1774994455.5491,20.72773549,-103.56679254,151.72,152.59,0.87,0.0184,0.036,1482,2000,1.5,0.913,6,stanley,2,-1.0
1774994455.5892,20.72773456,-103.56679207,152.93,152.33,-0.6,0.0091,-0.004,1502,2000,1.5,0.799,6,stanley,2,-1.0
1774994455.6306,20.72773365,-103.56679159,153.29,152.09,-1.2,0.0035,-0.022,1511,2000,1.5,0.686,6,stanley,2,-1.0
1774994455.6692,20.72773274,-103.56679109,153.29,151.85,-1.43,-0.0003,-0.032,1516,2000,1.5,0.572,6,stanley,2,-1.0
1774994455.7094,20.72773182,-103.5667906,153.29,151.5,-1.79,-0.004,-0.042,1521,2000,1.5,0.458,6,stanley,2,-1.0
1774994455.7492,20.72773091,-103.56679011,153.29,150.91,-2.37,-0.0078,-0.058,1529,2000,1.5,0.345,6,stanley,2,-1.0
1774994455.7892,20.72773,-103.56678962,153.29,149.75,-3.53,-0.0116,-0.088,1544,2000,1.5,0.231,6,stanley,2,-1.0
1774994455.8305,20.72772908,-103.56678913,153.29,146.35,-6.94,-0.0153,-0.166,1583,2000,1.5,0.118,6,stanley,2,-1.0
1774994455.9092,20.72772727,-103.56678811,152.48,150.98,-1.49,-0.0158,-0.046,1523,2000,1.5,1.395,7,stanley,2,-1.0
1774994455.9491,20.72772638,-103.56678757,151.62,151.03,-0.59,-0.0114,-0.022,1511,2000,1.5,1.281,7,stanley,2,-1.0
1774994455.9891,20.7277255,-103.56678701,150.76,151.17,0.41,-0.0054,0.006,1497,2000,1.5,1.168,7,stanley,2,-1.0
1774994456.0305,20.72772461,-103.56678648,150.75,151.21,0.46,-0.0038,0.008,1496,2000,1.5,1.054,7,stanley,2,-1.0
1774994456.0691,20.72772372,-103.56678595,150.75,151.27,0.53,-0.0022,0.01,1495,2000,1.5,0.94,7,stanley,2,-1.0
1774994456.1091,20.72772282,-103.56678541,150.75,151.34,0.59,-0.0007,0.014,1493,2000,1.5,0.827,7,stanley,2,-1.0
1774994456.1491,20.72772193,-103.56678488,150.73,151.44,0.71,0.001,0.018,1491,2000,1.5,0.713,7,stanley,2,-1.0
1774994456.1891,20.72772104,-103.56678434,150.78,151.57,0.79,0.0024,0.02,1490,2000,1.5,0.599,7,stanley,2,-1.0
1774994456.2304,20.72772015,-103.56678381,150.75,151.76,1.02,0.004,0.028,1486,2000,1.5,0.486,7,stanley,2,-1.0
1774994456.2691,20.72771926,-103.56678327,150.75,152.09,1.34,0.0057,0.036,1482,2000,1.5,0.372,7,stanley,2,-1.0
1774994456.3091,20.72771836,-103.56678274,150.73,152.66,1.93,0.0072,0.05,1475,2000,1.5,0.258,7,stanley,2,-1.0
1774994456.3491,20.72771747,-103.56678221,150.75,154.18,3.43,0.0087,0.084,1458,2000,1.5,0.145,7,stanley,2,-1.0
1774994456.4305,20.72771569,-103.56678114,150.75,153.8,3.06,0.0191,0.086,1457,2000,1.5,1.399,8,stanley,2,-1.0
1774994456.4692,20.72771479,-103.56678062,151.15,153.99,2.83,0.0211,0.082,1459,2000,1.5,1.285,8,stanley,2,-1.0
1774994456.514,20.72771388,-103.56678011,151.57,154.16,2.59,0.0222,0.078,1461,2000,1.5,1.171,8,stanley,2,-1.0
1774994456.5491,20.72771297,-103.56677961,152.04,154.33,2.29,0.0224,0.07,1465,2000,1.5,1.058,8,stanley,2,-1.0
1774994456.5892,20.72771206,-103.56677911,152.48,154.49,2.02,0.0219,0.064,1468,2000,1.5,0.944,8,stanley,2,-1.0
1774994456.6306,20.72771115,-103.56677862,152.85,154.65,1.8,0.0208,0.058,1471,2000,1.5,0.83,8,stanley,2,-1.0
1774994456.6692,20.72771115,-103.56677862,152.85,154.65,1.8,0.0208,0.058,1471,2000,1.5,0.83,8,stanley,2,-1.0
1774994456.7091,20.72770931,-103.56677765,153.51,154.96,1.45,0.017,0.048,1476,2000,1.5,0.603,8,stanley,2,-1.0
1774994456.7492,20.72770839,-103.56677718,153.84,155.14,1.29,0.0143,0.042,1479,2000,1.5,0.489,8,stanley,2,-1.0
1774994456.7891,20.72770747,-103.56677671,154.1,155.33,1.24,0.0113,0.038,1481,2000,1.5,0.376,8,stanley,2,-1.0
1774994456.8306,20.72770655,-103.56677623,154.11,155.89,1.78,0.0097,0.048,1476,2000,1.5,0.262,8,stanley,2,-1.0
1774994456.8691,20.72770563,-103.56677575,154.11,157.23,3.11,0.008,0.078,1461,2000,1.5,0.148,8,stanley,2,-1.0
1774994456.9492,20.72770379,-103.5667748,154.11,178.32,24.21,0.0959,0.62,1190,2000,1.5,1.412,9,stanley,2,-1.0
1774994456.9892,20.72770286,-103.56677434,154.47,180.29,25.82,0.1372,0.69,1155,2000,1.5,1.308,9,stanley,2,-1.0
1774994457.0292,20.72770193,-103.56677388,154.91,182.57,27.66,0.1776,0.766,1117,2000,1.5,1.206,9,stanley,2,-1.0
1774994457.0691,20.72770095,-103.56677355,158.12,184.62,26.5,0.1981,0.758,1121,2000,1.5,1.099,9,stanley,2,-1.0
1774994457.1091,20.72769996,-103.56677329,161.69,186.69,25.0,0.2099,0.734,1133,2000,1.5,0.991,9,stanley,2,-1.0
1774994457.1492,20.72769894,-103.56677311,165.66,188.72,23.06,0.2115,0.692,1154,2000,1.5,0.882,9,stanley,2,-1.0
1774994457.1892,20.72769791,-103.56677301,169.64,190.77,21.13,0.2053,0.644,1178,2000,1.5,0.771,9,stanley,2,-1.0
1774994457.2291,20.72769688,-103.56677298,173.42,192.9,19.48,0.1922,0.596,1202,2000,1.5,0.66,9,stanley,2,-1.0
1774994457.2692,20.72769586,-103.56677302,177.02,195.22,18.2,0.1729,0.552,1224,2000,1.5,0.548,9,stanley,2,-1.0
1774994457.3092,20.72769483,-103.56677311,180.36,197.95,17.59,0.1483,0.518,1241,2000,1.5,0.436,9,stanley,2,-1.0
1774994457.3491,20.72769381,-103.56677325,183.45,201.59,18.15,0.1189,0.504,1248,2000,1.5,0.324,9,stanley,2,-1.0
1774994457.3892,20.72769381,-103.56677325,183.45,201.59,18.15,0.1189,0.504,1248,2000,1.5,0.324,9,stanley,2,-1.0
1774994457.4292,20.7276918,-103.56677368,188.99,223.79,34.8,0.0473,0.774,1113,1500,1.5,0.108,9,stanley,2,-1.0
1774994457.5091,20.72768983,-103.5667743,194.23,223.79,29.56,0.0749,0.722,1139,2000,1.5,1.367,10,stanley,2,-1.0
1774994457.5492,20.72768986,-103.5667744,198.28,223.79,25.51,0.0539,0.614,1193,2000,1.5,1.366,10,stanley,2,-1.0
1774994457.5892,20.72768989,-103.56677449,202.27,223.79,21.52,0.0329,0.508,1246,2000,1.5,1.365,10,stanley,2,-1.0
1774994457.6291,20.72768901,-103.56677506,206.01,223.79,17.78,0.0021,0.398,1301,2000,1.5,1.252,10,stanley,2,-1.0
1774994457.6691,20.72768815,-103.56677566,209.2,223.79,14.59,-0.0319,0.298,1351,2000,1.5,1.141,10,stanley,2,-1.0
1774994457.7091,20.72768731,-103.5667763,211.83,223.79,11.96,-0.0682,0.208,1396,2000,1.5,1.031,10,stanley,2,-1.0
1774994457.7491,20.72768649,-103.56677695,213.89,223.79,9.9,-0.1054,0.132,1434,2000,1.5,0.924,10,stanley,2,-1.0
1774994457.7892,20.72768568,-103.56677762,215.46,223.79,8.33,-0.1429,0.1,1450,2000,1.5,0.819,10,stanley,2,-1.0
1774994457.8292,20.72768487,-103.56677829,216.51,223.79,7.28,-0.1798,0.1,1450,2000,1.5,0.718,10,stanley,2,-1.0
1774994457.8692,20.72768406,-103.56677896,217.19,223.79,6.6,-0.2162,-0.1,1550,2000,1.5,0.62,10,stanley,2,-1.0
1774994457.9091,20.72768326,-103.56677964,217.73,223.79,6.06,-0.2528,-0.1,1550,2000,1.5,0.53,10,stanley,2,-1.0
1774994457.9492,20.72768247,-103.56678033,218.19,223.79,5.6,-0.2901,-0.118,1559,2000,1.5,0.451,10,stanley,2,-1.0
1774994457.9891,20.72768165,-103.56678099,217.7,223.79,6.09,-0.3215,-0.132,1566,2000,1.5,0.387,10,stanley,2,-1.0
1774994458.0291,20.72768083,-103.56678164,217.17,223.79,6.62,-0.3516,-0.144,1572,2000,1.5,0.348,10,stanley,2,-1.0
1774994458.0692,20.72768,-103.56678227,216.53,223.79,7.26,-0.3803,-0.154,1577,2000,1.5,0.342,10,stanley,2,-1.0
1774994458.1091,20.72767916,-103.5667829,215.83,223.79,7.96,-0.4071,-0.16,1580,2000,1.5,0.371,10,stanley,2,-1.0
1774994458.1492,20.72767831,-103.56678351,215.08,223.79,8.71,-0.4321,-0.162,1581,2000,1.5,0.428,10,stanley,2,-1.0
1774994458.1892,20.72767745,-103.56678411,214.24,223.79,9.55,-0.4553,-0.162,1581,2000,1.5,0.504,10,stanley,2,-1.0
1774994458.2292,20.72767659,-103.56678469,213.41,223.79,10.38,-0.4767,-0.16,1580,2000,1.5,0.59,10,stanley,2,-1.0
1774994458.2691,20.72767572,-103.56678527,212.57,223.79,11.22,-0.4965,-0.156,1578,2000,1.5,0.684,10,stanley,2,-1.0
1774994458.3091,20.72767484,-103.56678582,211.71,223.79,12.08,-0.5145,-0.152,1576,2000,1.5,0.782,10,stanley,2,-1.0
1774994458.3491,20.72767395,-103.56678637,210.87,223.79,12.92,-0.531,-0.144,1572,2000,1.5,0.884,10,stanley,2,-1.0
1774994458.3891,20.72767305,-103.5667869,210.05,223.79,13.74,-0.5459,-0.138,1569,2000,1.5,0.987,10,stanley,2,-1.0
1774994458.4291,20.72767215,-103.56678741,209.22,223.79,14.57,-0.5593,-0.13,1565,2000,1.5,1.092,10,stanley,2,-1.0
1774994458.4693,20.72767124,-103.56678792,208.48,223.79,15.3,-0.5714,-0.122,1561,2000,1.5,1.198,10,stanley,2,-1.0
1774994458.5091,20.72767033,-103.56678841,207.75,223.79,16.04,-0.5823,-0.114,1557,2000,1.5,1.305,10,stanley,2,-1.0
1774994458.5492,20.72766941,-103.56678889,207.06,223.79,16.73,-0.592,-0.106,1553,2000,1.5,1.412,10,stanley,2,-1.0
1774994458.5892,20.72766849,-103.56678936,206.44,223.79,17.35,-0.6007,-0.1,1550,2000,1.5,1.521,10,stanley,2,-1.0
1774994458.6292,20.72766756,-103.56678983,205.81,223.79,17.98,-0.6084,-0.1,1550,2000,1.5,1.629,10,stanley,2,-1.0
1774994458.6692,20.72766663,-103.56679028,205.26,223.79,18.53,-0.6152,-0.1,1550,2000,1.5,1.738,10,stanley,2,-1.0
1774994458.7091,20.7276657,-103.56679073,204.72,223.79,19.07,-0.6211,-0.1,1550,2000,1.5,1.847,10,stanley,2,-1.0
1774994458.7492,20.72766476,-103.56679116,204.21,223.79,19.58,-0.6259,-0.1,1550,2000,1.5,1.957,10,stanley,2,-1.0
1774994458.7893,20.72766382,-103.56679159,203.67,223.79,20.12,-0.6298,-0.1,1550,2000,1.5,2.067,10,stanley,2,-1.0
1774994458.8292,20.72766288,-103.566792,203.16,223.79,20.63,-0.6325,-0.1,1550,2000,1.5,2.176,10,stanley,2,-1.0
1774994458.8694,20.72766193,-103.56679241,202.6,223.79,21.19,-0.6341,-0.1,1550,2000,1.5,2.286,10,stanley,2,-1.0
1774994458.9092,20.72766097,-103.56679281,202.09,223.79,21.7,-0.6348,-0.1,1550,2000,1.5,2.396,10,stanley,2,-1.0
1774994458.9492,20.72766002,-103.5667932,201.55,223.79,22.24,-0.6343,-0.1,1550,2000,1.5,2.507,10,stanley,2,-1.0
1774994458.9892,20.72765906,-103.56679358,201.01,223.79,22.78,-0.6328,-0.1,1550,2000,1.5,2.617,10,stanley,2,-1.0
1774994459.0292,20.7276581,-103.56679395,200.48,223.79,23.31,-0.6303,0.1,1450,2000,1.5,2.727,10,stanley,2,-1.0
1774994459.0692,20.72765713,-103.56679431,199.95,223.79,23.84,-0.6266,0.1,1450,2000,1.5,2.837,10,stanley,2,-1.0
1774994459.1091,20.72765616,-103.56679466,199.39,223.79,24.4,-0.622,0.1,1450,2000,1.5,2.947,10,stanley,2,-1.0
1774994459.1491,20.72765521,-103.56679505,199.92,223.79,23.87,-0.6238,0.1,1450,2000,1.5,3.059,10,stanley,2,-1.0
1774994459.1892,20.72765425,-103.56679544,200.45,223.79,23.34,-0.6267,0.1,1450,2000,1.5,3.171,10,stanley,2,-1.0
1774994459.2292,20.7276533,-103.56679584,200.95,223.79,22.84,-0.6305,0.1,1450,2000,1.5,3.283,10,stanley,2,-1.0
1774994459.2691,20.72765235,-103.56679625,201.44,223.79,22.35,-0.6353,-0.1,1550,2000,1.5,3.395,10,stanley,2,-1.0
1774994459.3092,20.72765141,-103.56679668,201.97,223.79,21.82,-0.6412,-0.1,1550,2000,1.5,3.507,10,stanley,2,-1.0
1774994459.3491,20.72765047,-103.56679711,202.48,223.79,21.31,-0.6481,-0.1,1550,2000,1.5,3.62,10,stanley,2,-1.0
1774994459.3891,20.72764952,-103.5667975,201.94,223.79,21.85,-0.6484,-0.1,1550,2000,1.5,3.732,10,stanley,2,-1.0
1774994459.4291,20.72764952,-103.5667975,201.94,223.79,21.85,-0.6484,-0.1,1550,2000,1.5,3.732,10,stanley,2,-1.0
1774994459.4698,20.7276476,-103.56679827,200.87,223.79,22.92,-0.646,-0.1,1550,2000,1.5,3.957,10,stanley,2,-1.0
1774994459.5092,20.72764664,-103.56679863,200.34,223.79,23.45,-0.6432,0.1,1450,2000,1.5,4.069,10,stanley,2,-1.0
1774994459.5492,20.72764567,-103.56679899,199.82,223.79,23.97,-0.6393,0.1,1450,2000,1.5,4.181,10,stanley,2,-1.0
1774994459.5892,20.7276447,-103.56679934,199.29,223.79,24.5,-0.6345,0.1,1450,2000,1.5,4.292,10,stanley,2,-1.0
1774994459.6292,20.7276447,-103.56679934,199.29,223.79,24.5,-0.6345,0.1,1450,2000,1.5,4.292,10,stanley,2,-1.0
1774994459.6692,20.72764279,-103.56680012,200.3,223.79,23.49,-0.6386,0.1,1450,2000,1.5,4.518,10,stanley,2,-1.0
1774994459.7091,20.72764184,-103.56680052,200.84,223.79,22.95,-0.6423,-0.1,1550,2000,1.5,4.631,10,stanley,2,-1.0
1774994459.7491,20.72764089,-103.56680093,201.34,223.79,22.45,-0.6469,-0.1,1550,2000,1.5,4.744,10,stanley,2,-1.0
1774994459.7892,20.72763994,-103.56680134,201.83,223.79,21.96,-0.6524,-0.1,1550,2000,1.5,4.857,10,stanley,2,-1.0
1774994459.8292,20.72763899,-103.56680173,201.32,223.79,22.47,-0.6516,-0.1,1550,2000,1.5,4.97,10,stanley,2,-1.0
1774994459.8691,20.72763803,-103.5668021,200.77,223.79,23.02,-0.6495,-0.1,1550,2000,1.5,5.082,10,stanley,2,-1.0
1774994459.9092,20.72763706,-103.56680247,200.24,223.79,23.55,-0.6466,0.1,1450,2000,1.5,5.195,10,stanley,2,-1.0
1774994459.9492,20.7276361,-103.56680283,199.74,223.79,24.05,-0.6426,0.1,1450,2000,1.5,5.307,10,stanley,2,-1.0
1774994459.9891,20.72763513,-103.56680317,199.17,223.79,24.62,-0.6374,0.1,1450,2000,1.5,5.42,10,stanley,2,-1.0
1774994460.0292,20.72763417,-103.56680355,199.71,223.79,24.08,-0.6388,0.1,1450,2000,1.5,5.533,10,stanley,2,-1.0
1774994460.0692,20.72763321,-103.56680394,200.21,223.79,23.58,-0.6412,0.1,1450,2000,1.5,5.646,10,stanley,2,-1.0
1774994460.1092,20.72763226,-103.56680434,200.7,223.79,23.09,-0.6445,-0.1,1550,2000,1.5,5.759,10,stanley,2,-1.0
1774994460.1491,20.72763131,-103.56680475,201.23,223.79,22.56,-0.6489,-0.1,1550,2000,1.5,5.872,10,stanley,2,-1.0
1774994460.1891,20.72763037,-103.56680517,201.76,223.79,22.03,-0.6544,-0.1,1550,2000,1.5,5.986,10,stanley,2,-1.0
1774994460.2291,20.72762941,-103.56680555,201.19,223.79,22.6,-0.6532,-0.1,1550,2000,1.5,6.099,10,stanley,2,-1.0
1774994460.2691,20.72762845,-103.56680592,200.69,223.79,23.1,-0.6511,-0.1,1550,2000,1.5,6.212,10,stanley,2,-1.0
1774994460.3091,20.72762748,-103.56680629,200.16,223.79,23.63,-0.648,0.1,1450,2000,1.5,6.325,10,stanley,2,-1.0
1774994460.3491,20.72762652,-103.56680664,199.64,223.79,24.15,-0.6437,0.1,1450,2000,1.5,6.437,10,stanley,2,-1.0
1774994460.3891,20.72762555,-103.56680699,199.08,223.79,24.71,-0.6383,0.1,1450,2000,1.5,6.55,10,stanley,2,-1.0
1774994460.4291,20.72762459,-103.56680737,199.6,223.79,24.19,-0.6395,0.1,1450,2000,1.5,6.663,10,stanley,2,-1.0
1774994460.4691,20.72762363,-103.56680775,200.12,223.79,23.67,-0.6416,0.1,1450,2000,1.5,6.777,10,stanley,2,-1.0
1774994460.5093,20.72762268,-103.56680815,200.62,223.79,23.17,-0.6448,0.0,1500,2000,1.5,6.89,10,stanley,2,-1.0
1774994460.5492,20.72762173,-103.56680856,201.13,223.79,22.66,-0.649,-0.1,1550,2000,1.5,7.003,10,stanley,2,-1.0
1774994460.5892,20.72762078,-103.56680897,201.65,223.79,22.14,-0.6542,-0.1,1550,2000,1.5,7.117,10,stanley,2,-1.0
1774994460.6291,20.72761983,-103.56680937,201.65,223.79,22.14,-0.6567,-0.1,1550,2000,1.5,7.23,10,stanley,2,-1.0
1774994460.6691,20.72761887,-103.56680976,201.1,223.79,22.69,-0.6554,-0.1,1550,2000,1.5,7.344,10,stanley,2,-1.0
1774994460.7091,20.72761791,-103.56681013,200.59,223.79,23.2,-0.6531,-0.1,1550,2000,1.5,7.457,10,stanley,2,-1.0
1774994460.7492,20.72761695,-103.56681049,200.03,223.79,23.76,-0.6496,0.1,1450,2000,1.5,7.57,10,stanley,2,-1.0
1774994460.7892,20.72761598,-103.56681084,199.5,223.79,24.29,-0.645,0.1,1450,2000,1.5,7.683,10,stanley,2,-1.0
1774994460.8293,20.72761501,-103.56681119,199.0,223.79,24.79,-0.6397,0.1,1450,2000,1.5,7.796,10,stanley,2,-1.0
1774994460.8691,20.72761405,-103.56681156,199.5,223.79,24.29,-0.6406,0.1,1450,2000,1.5,7.909,10,stanley,2,-1.0
1774994460.9091,20.72761309,-103.56681195,200.0,223.79,23.79,-0.6425,0.1,1450,2000,1.5,8.022,10,stanley,2,-1.0
1774994460.9492,20.72761214,-103.56681234,200.51,223.79,23.28,-0.6455,0.0,1500,2000,1.5,8.136,10,stanley,2,-1.0
1774994460.9892,20.72761119,-103.56681275,201.02,223.79,22.77,-0.6494,-0.1,1550,2000,1.5,8.249,10,stanley,2,-1.0
1774994461.0292,20.72761024,-103.56681316,201.54,223.79,22.25,-0.6545,-0.1,1550,2000,1.5,8.363,10,stanley,2,-1.0
1774994461.0692,20.72760929,-103.56681356,201.52,223.79,22.27,-0.6567,-0.1,1550,2000,1.5,8.476,10,stanley,2,-1.0
1774994461.1091,20.72760833,-103.56681394,200.99,223.79,22.8,-0.6552,-0.1,1550,2000,1.5,8.59,10,stanley,2,-1.0
1774994461.1492,20.72760737,-103.56681431,200.48,223.79,23.31,-0.6527,-0.1,1550,2000,1.5,8.703,10,stanley,2,-1.0
1774994461.1892,20.7276064,-103.56681467,199.95,223.79,23.84,-0.6492,0.1,1450,2000,1.5,8.816,10,stanley,2,-1.0
1774994461.2292,20.72760543,-103.56681502,199.39,223.79,24.4,-0.6443,0.1,1450,2000,1.5,8.929,10,stanley,2,-1.0
1774994461.2691,20.72760446,-103.56681536,198.87,223.79,24.92,-0.6386,0.1,1450,2000,1.5,9.042,10,stanley,2,-1.0
1774994461.3092,20.7276035,-103.56681574,199.38,223.79,24.41,-0.6394,0.1,1450,2000,1.5,9.156,10,stanley,2,-1.0
1774994461.3491,20.72760254,-103.56681612,199.88,223.79,23.91,-0.641,0.1,1450,2000,1.5,9.269,10,stanley,2,-1.0
1774994461.3892,20.72760206,-103.56681631,199.54,223.79,24.25,-0.641,0.1,1450,2000,1.5,9.326,10,stanley,2,-1.0
1774994461.4291,20.72760064,-103.56681692,200.9,223.79,22.89,-0.6476,-0.1,1550,2000,1.5,9.496,10,stanley,2,-1.0
1774994461.4691,20.72759969,-103.56681733,201.4,223.79,22.39,-0.6524,-0.1,1550,2000,1.5,9.61,10,stanley,2,-1.0
1774994461.5091,20.72759875,-103.56681775,201.95,223.79,21.84,-0.6584,-0.1,1550,2000,1.5,9.724,10,stanley,2,-1.0
1774994461.5492,20.72759779,-103.56681814,201.41,223.79,22.38,-0.6575,-0.1,1550,2000,1.5,9.837,10,stanley,2,-1.0
1774994461.5945,20.72759683,-103.56681851,200.87,223.79,22.92,-0.6558,-0.1,1550,2000,1.5,9.951,10,stanley,2,-1.0
1774994461.6291,20.72759587,-103.56681888,200.34,223.79,23.45,-0.653,0.0,1500,2000,1.5,10.064,10,stanley,2,-1.0
1774994461.6692,20.7275949,-103.56681924,199.8,223.79,23.99,-0.649,0.1,1450,2000,1.5,10.177,10,stanley,2,-1.0
1774994461.7092,20.72759393,-103.56681959,199.28,223.79,24.51,-0.6442,0.1,1450,2000,1.5,10.29,10,stanley,2,-1.0
1774994461.7489,20.72759297,-103.56681995,199.26,223.79,24.53,-0.642,0.1,1450,2000,1.5,10.404,10,stanley,2,-1.0
1774994461.7892,20.72759201,-103.56682033,199.78,223.79,24.01,-0.6436,0.1,1450,2000,1.5,10.517,10,stanley,2,-1.0
1774994461.8292,20.72759105,-103.56682072,200.3,223.79,23.49,-0.6461,0.1,1450,2000,1.5,10.631,10,stanley,2,-1.0
1774994461.8691,20.7275901,-103.56682112,200.84,223.79,22.95,-0.6498,-0.1,1550,2000,1.5,10.744,10,stanley,2,-1.0
1774994461.9091,20.72758915,-103.56682153,201.32,223.79,22.47,-0.6543,-0.1,1550,2000,1.5,10.858,10,stanley,2,-1.0
1774994461.9491,20.72758821,-103.56682195,201.83,223.79,21.96,-0.6598,-0.1,1550,2000,1.5,10.972,10,stanley,2,-1.0
1774994461.9891,20.72758725,-103.56682234,201.29,223.79,22.5,-0.659,-0.1,1550,2000,1.5,11.085,10,stanley,2,-1.0
1774994462.0291,20.72758629,-103.56682271,200.77,223.79,23.02,-0.6569,-0.1,1550,2000,1.5,11.199,10,stanley,2,-1.0
1774994462.0692,20.72758533,-103.56682308,200.23,223.79,23.56,-0.6539,0.1,1450,2000,1.5,11.312,10,stanley,2,-1.0
1774994462.1091,20.72758436,-103.56682343,199.71,223.79,24.08,-0.65,0.1,1450,2000,1.5,11.425,10,stanley,2,-1.0
1774994462.1491,20.72758339,-103.56682378,199.18,223.79,24.61,-0.6448,0.1,1450,2000,1.5,11.539,10,stanley,2,-1.0
1774994462.1891,20.72758243,-103.56682416,199.67,223.79,24.12,-0.646,0.1,1450,2000,1.5,11.652,10,stanley,2,-1.0
1774994462.2291,20.72758148,-103.56682455,200.21,223.79,23.58,-0.6484,0.1,1450,2000,1.5,11.766,10,stanley,2,-1.0
1774994462.2691,20.72758053,-103.56682495,200.73,223.79,23.06,-0.6519,-0.1,1550,2000,1.5,11.879,10,stanley,2,-1.0
1774994462.3091,20.72757958,-103.56682535,201.23,223.79,22.56,-0.6563,-0.1,1550,2000,1.5,11.993,10,stanley,2,-1.0
1774994462.3491,20.72757863,-103.56682577,201.73,223.79,22.06,-0.6616,-0.1,1550,2000,1.5,12.107,10,stanley,2,-1.0
1774994462.3891,20.72757767,-103.56682615,201.2,223.79,22.59,-0.6605,-0.1,1550,2000,1.5,12.22,10,stanley,2,-1.0
1774994462.4291,20.72757671,-103.56682653,200.69,223.79,23.1,-0.6583,-0.1,1550,2000,1.5,12.334,10,stanley,2,-1.0
1774994462.4692,20.72757575,-103.56682689,200.13,223.79,23.66,-0.655,0.1,1450,2000,1.5,12.447,10,stanley,2,-1.0
1774994462.5092,20.72757478,-103.56682724,199.6,223.79,24.19,-0.6507,0.1,1450,2000,1.5,12.561,10,stanley,2,-1.0
1774994462.5491,20.72757381,-103.56682759,199.07,223.79,24.72,-0.6455,0.1,1450,2000,1.5,12.674,10,stanley,2,-1.0
1774994462.5891,20.72757285,-103.56682797,199.56,223.79,24.23,-0.6465,0.1,1450,2000,1.5,12.787,10,stanley,2,-1.0
1774994462.6291,20.72757237,-103.56682816,199.27,223.79,24.52,-0.6465,0.1,1450,2000,1.5,12.844,10,stanley,2,-1.0
1774994462.6698,20.72757094,-103.56682875,200.6,223.79,23.19,-0.6518,-0.1,1550,2000,1.5,13.015,10,stanley,2,-1.0
1774994462.7091,20.72756999,-103.56682916,201.11,223.79,22.68,-0.656,-0.1,1550,2000,1.5,13.128,10,stanley,2,-1.0
1774994462.7491,20.72756905,-103.56682957,201.62,223.79,22.17,-0.6612,-0.1,1550,2000,1.5,13.242,10,stanley,2,-1.0
1774994462.7891,20.72756809,-103.56682996,201.08,223.79,22.71,-0.6598,-0.1,1550,2000,1.5,13.356,10,stanley,2,-1.0
1774994462.8291,20.72756713,-103.56683033,200.59,223.79,23.2,-0.6576,-0.1,1550,2000,1.5,13.469,10,stanley,2,-1.0
1774994462.8691,20.72756616,-103.56683069,200.03,223.79,23.76,-0.654,0.1,1450,2000,1.5,13.583,10,stanley,2,-1.0
1774994462.9091,20.72756519,-103.56683104,199.5,223.79,24.29,-0.6496,0.1,1450,2000,1.5,13.696,10,stanley,2,-1.0
1774994462.9491,20.72756422,-103.56683138,198.97,223.79,24.82,-0.644,0.1,1450,2000,1.5,13.809,10,stanley,2,-1.0
1774994462.9891,20.72756326,-103.56683176,199.5,223.79,24.29,-0.645,0.1,1450,2000,1.5,13.923,10,stanley,2,-1.0
1774994463.0291,20.7275623,-103.56683215,199.98,223.79,23.81,-0.6468,0.1,1450,2000,1.5,14.037,10,stanley,2,-1.0
1774994463.0691,20.72756135,-103.56683254,200.52,223.79,23.27,-0.6499,-0.1,1550,2000,1.5,14.15,10,stanley,2,-1.0
1774994463.1091,20.7275604,-103.56683294,201.02,223.79,22.77,-0.6538,-0.1,1550,2000,1.5,14.264,10,stanley,2,-1.0
1774994463.1491,20.72755945,-103.56683336,201.5,223.79,22.29,-0.6587,-0.1,1550,2000,1.5,14.378,10,stanley,2,-1.0
1774994463.1891,20.7275585,-103.56683374,200.98,223.79,22.81,-0.6572,-0.1,1550,2000,1.5,14.491,10,stanley,2,-1.0
1774994463.2291,20.72755753,-103.56683411,200.45,223.79,23.34,-0.6546,-0.1,1550,2000,1.5,14.605,10,stanley,2,-1.0
1774994463.2691,20.72755657,-103.56683447,199.92,223.79,23.87,-0.651,0.1,1450,2000,1.5,14.718,10,stanley,2,-1.0
1774994463.3091,20.7275556,-103.56683482,199.38,223.79,24.41,-0.6463,0.1,1450,2000,1.5,14.832,10,stanley,2,-1.0
1774994463.3491,20.72755463,-103.56683516,198.87,223.79,24.92,-0.6406,0.1,1450,2000,1.5,14.945,10,stanley,2,-1.0
1774994463.3891,20.72755367,-103.56683553,199.39,223.79,24.4,-0.6413,0.1,1450,2000,1.5,15.059,10,stanley,2,-1.0
1774994463.4291,20.72755367,-103.56683553,199.39,223.79,24.4,-0.6413,0.1,1450,2000,1.5,15.059,10,stanley,2,-1.0
1774994463.4692,20.72755175,-103.56683631,200.42,223.79,23.37,-0.6458,0.1,1450,2000,1.5,15.286,10,stanley,2,-1.0
1774994463.5091,20.7275508,-103.56683671,200.91,223.79,22.87,-0.6495,-0.1,1550,2000,1.5,15.399,10,stanley,2,-1.0
1774994463.5491,20.72754986,-103.56683712,201.41,223.79,22.38,-0.6543,-0.1,1550,2000,1.5,15.513,10,stanley,2,-1.0
1774994463.5891,20.72754891,-103.56683754,201.91,223.79,21.88,-0.66,-0.1,1550,2000,1.5,15.627,10,stanley,2,-1.0
1774994463.6291,20.72754891,-103.56683754,201.91,223.79,21.88,-0.66,-0.1,1550,2000,1.5,15.627,10,stanley,2,-1.0
1774994463.6691,20.72754699,-103.56683831,200.84,223.79,22.95,-0.6574,-0.1,1550,2000,1.5,15.854,10,stanley,2,-1.0
1774994463.7091,20.72754603,-103.56683867,200.31,223.79,23.48,-0.6547,-0.1,1550,2000,1.5,15.968,10,stanley,2,-1.0
1774994463.7491,20.72754507,-103.56683903,199.8,223.79,23.99,-0.6509,0.1,1450,2000,1.5,16.081,10,stanley,2,-1.0
1774994463.7891,20.7275441,-103.56683938,199.28,223.79,24.51,-0.6459,0.1,1450,2000,1.5,16.195,10,stanley,2,-1.0
1774994463.8291,20.72754312,-103.56683972,198.75,223.79,25.04,-0.6399,0.1,1450,2000,1.5,16.308,10,stanley,2,-1.0
1774994463.8691,20.72754216,-103.56684009,199.25,223.79,24.54,-0.6403,0.1,1450,2000,1.5,16.421,10,stanley,2,-1.0
1774994463.9091,20.7275412,-103.56684047,199.77,223.79,24.02,-0.6418,0.1,1450,2000,1.5,16.535,10,stanley,2,-1.0
1774994463.9491,20.72754025,-103.56684086,200.27,223.79,23.52,-0.6442,0.1,1450,2000,1.5,16.649,10,stanley,2,-1.0
1774994463.9891,20.7275393,-103.56684126,200.8,223.79,22.99,-0.6479,-0.1,1550,2000,1.5,16.763,10,stanley,2,-1.0
1774994464.0291,20.72753835,-103.56684167,201.31,223.79,22.48,-0.6523,-0.1,1550,2000,1.5,16.876,10,stanley,2,-1.0
1774994464.0691,20.7275374,-103.56684209,201.79,223.79,22.0,-0.6578,-0.1,1550,2000,1.5,16.99,10,stanley,2,-1.0
1774994464.1091,20.72753645,-103.56684248,201.26,223.79,22.53,-0.6568,-0.1,1550,2000,1.5,17.104,10,stanley,2,-1.0
1774994464.1491,20.72753548,-103.56684285,200.77,223.79,23.02,-0.6549,-0.1,1550,2000,1.5,17.217,10,stanley,2,-1.0
1774994464.1891,20.72753452,-103.56684322,200.19,223.79,23.6,-0.6517,0.1,1450,2000,1.5,17.331,10,stanley,2,-1.0
1774994464.2291,20.72753355,-103.56684357,199.67,223.79,24.12,-0.6476,0.1,1450,2000,1.5,17.444,10,stanley,2,-1.0
1774994464.2691,20.72753258,-103.56684392,199.15,223.79,24.64,-0.6425,0.1,1450,2000,1.5,17.558,10,stanley,2,-1.0
1774994464.3091,20.72753163,-103.5668443,199.64,223.79,24.15,-0.6437,0.1,1450,2000,1.5,17.671,10,stanley,2,-1.0
1774994464.3491,20.72753067,-103.56684469,200.16,223.79,23.63,-0.646,0.1,1450,2000,1.5,17.785,10,stanley,2,-1.0
1774994464.3891,20.72752972,-103.56684508,200.69,223.79,23.1,-0.6493,-0.1,1550,2000,1.5,17.899,10,stanley,2,-1.0
1774994464.4291,20.72752972,-103.56684508,200.69,223.79,23.1,-0.6493,-0.1,1550,2000,1.5,17.899,10,stanley,2,-1.0
1774994464.4691,20.72752782,-103.56684591,201.68,223.79,22.11,-0.6589,-0.1,1550,2000,1.5,18.126,10,stanley,2,-1.0
1774994464.5091,20.72752686,-103.56684629,201.17,223.79,22.62,-0.6578,-0.1,1550,2000,1.5,18.24,10,stanley,2,-1.0
1774994464.5491,20.7275259,-103.56684666,200.63,223.79,23.16,-0.6555,-0.1,1550,2000,1.5,18.353,10,stanley,2,-1.0
1774994464.5891,20.72752494,-103.56684703,200.1,223.79,23.69,-0.6523,0.1,1450,2000,1.5,18.467,10,stanley,2,-1.0
1774994464.6291,20.72752397,-103.56684738,199.57,223.79,24.22,-0.6479,0.1,1450,2000,1.5,18.58,10,stanley,2,-1.0
1774994464.6691,20.727523,-103.56684772,199.05,223.79,24.74,-0.6425,0.1,1450,2000,1.5,18.694,10,stanley,2,-1.0
1774994464.7091,20.72752204,-103.5668481,199.56,223.79,24.23,-0.6435,0.1,1450,2000,1.5,18.807,10,stanley,2,-1.0
1774994464.7491,20.72752109,-103.56684849,200.09,223.79,23.7,-0.6457,0.1,1450,2000,1.5,18.921,10,stanley,2,-1.0
1774994464.7891,20.72752013,-103.56684888,200.59,223.79,23.2,-0.6488,-0.1,1550,2000,1.5,19.035,10,stanley,2,-1.0
1774994464.8291,20.72751918,-103.56684929,201.08,223.79,22.71,-0.6528,-0.1,1550,2000,1.5,19.148,10,stanley,2,-1.0
1774994464.8691,20.72751824,-103.5668497,201.61,223.79,22.18,-0.658,-0.1,1550,2000,1.5,19.262,10,stanley,2,-1.0
1774994464.9091,20.72751728,-103.56685008,201.05,223.79,22.74,-0.6565,-0.1,1550,2000,1.5,19.376,10,stanley,2,-1.0
1774994464.9491,20.72751632,-103.56685046,200.54,223.79,23.25,-0.6542,-0.1,1550,2000,1.5,19.489,10,stanley,2,-1.0
1774994464.9891,20.72751535,-103.56685082,200.0,223.79,23.79,-0.6507,0.1,1450,2000,1.5,19.603,10,stanley,2,-1.0
1774994465.0292,20.72751438,-103.56685117,199.46,223.79,24.33,-0.646,0.1,1450,2000,1.5,19.716,10,stanley,2,-1.0
1774994465.0691,20.72751341,-103.56685151,198.94,223.79,24.85,-0.6404,0.1,1450,2000,1.5,19.83,10,stanley,2,-1.0
1774994465.1091,20.72751245,-103.56685189,199.42,223.79,24.36,-0.6413,0.1,1450,2000,1.5,19.943,10,stanley,2,-1.0
1774994465.1491,20.72751149,-103.56685227,199.98,223.79,23.81,-0.6432,0.1,1450,2000,1.5,20.057,10,stanley,2,-1.0
1774994465.1891,20.72751054,-103.56685267,200.46,223.79,23.33,-0.646,0.1,1450,2000,1.5,20.171,10,stanley,2,-1.0
1774994465.2291,20.72750959,-103.56685307,200.98,223.79,22.81,-0.65,-0.1,1550,2000,1.5,20.285,10,stanley,2,-1.0
1774994465.2691,20.72750864,-103.56685348,201.47,223.79,22.32,-0.6548,-0.1,1550,2000,1.5,20.398,10,stanley,2,-1.0
1774994465.3091,20.7275077,-103.5668539,201.98,223.79,21.81,-0.6608,-0.1,1550,2000,1.5,20.512,10,stanley,2,-1.0
1774994465.3491,20.72750674,-103.56685429,201.47,223.79,22.32,-0.6603,-0.1,1550,2000,1.5,20.626,10,stanley,2,-1.0
1774994465.3891,20.72750578,-103.56685467,200.95,223.79,22.84,-0.6586,-0.1,1550,2000,1.5,20.739,10,stanley,2,-1.0
1774994465.4291,20.72750482,-103.56685504,200.41,223.79,23.38,-0.6559,-0.1,1550,2000,1.5,20.853,10,stanley,2,-1.0
1774994465.4691,20.72750385,-103.5668554,199.88,223.79,23.91,-0.6522,0.1,1450,2000,1.5,20.966,10,stanley,2,-1.0
1774994465.5091,20.72750288,-103.56685575,199.35,223.79,24.44,-0.6473,0.1,1450,2000,1.5,21.08,10,stanley,2,-1.0
1774994465.5491,20.72750191,-103.56685609,198.8,223.79,24.99,-0.6415,0.1,1450,2000,1.5,21.193,10,stanley,2,-1.0
1774994465.5891,20.72750095,-103.56685646,199.32,223.79,24.47,-0.6421,0.1,1450,2000,1.5,21.307,10,stanley,2,-1.0
1774994465.6291,20.72749999,-103.56685684,199.85,223.79,23.94,-0.6437,0.1,1450,2000,1.5,21.421,10,stanley,2,-1.0
1774994465.6691,20.72749904,-103.56685724,200.34,223.79,23.45,-0.6464,0.1,1450,2000,1.5,21.534,10,stanley,2,-1.0
1774994465.7101,20.72749904,-103.56685724,200.34,223.79,23.45,-0.6464,0.1,1450,2000,1.5,21.534,10,stanley,2,-1.0
1774994465.749,20.72749714,-103.56685805,201.37,223.79,22.42,-0.6547,-0.1,1550,2000,1.5,21.762,10,stanley,2,-1.0
1774994465.7891,20.7274962,-103.56685847,201.9,223.79,21.89,-0.6604,-0.1,1550,2000,1.5,21.876,10,stanley,2,-1.0
1774994465.8291,20.72749526,-103.5668589,202.4,223.79,21.38,-0.6671,-0.1,1550,2000,1.5,21.989,10,stanley,2,-1.0
1774994465.8691,20.7274943,-103.56685929,201.88,223.79,21.91,-0.6673,-0.1,1550,2000,1.5,22.103,10,stanley,2,-1.0
1774994465.9091,20.72749334,-103.56685968,201.32,223.79,22.47,-0.6664,-0.1,1550,2000,1.5,22.217,10,stanley,2,-1.0
1774994465.9491,20.72749238,-103.56686005,200.81,223.79,22.98,-0.6645,-0.1,1550,2000,1.5,22.33,10,stanley,2,-1.0
1774994465.9891,20.72749142,-103.56686042,200.27,223.79,23.52,-0.6615,-0.1,1550,2000,1.5,22.444,10,stanley,2,-1.0
1774994466.0291,20.72749045,-103.56686077,199.74,223.79,24.05,-0.6574,0.1,1450,2000,1.5,22.557,10,stanley,2,-1.0
1774994466.0691,20.72748948,-103.56686112,199.21,223.79,24.58,-0.6524,0.1,1450,2000,1.5,22.671,10,stanley,2,-1.0
1774994466.1091,20.72748851,-103.56686146,198.69,223.79,25.1,-0.6463,0.1,1450,2000,1.5,22.784,10,stanley,2,-1.0
